<?xml version="1.0" encoding="UTF-8"?>
<project-private xmlns="http://www.netbeans.org/ns/project-private/1">
    <editor-bookmarks xmlns="http://www.netbeans.org/ns/editor-bookmarks/2" lastBookmarkId="0"/>
    <open-files xmlns="http://www.netbeans.org/ns/projectui-open-files/2">
        <group>
            <file>file:/C:/Users/Munyangeri%20Yvonne/Documents/NetBeansProjects/LibraryManagmentSystem/LibraryManagmentSystem/src/view/Client_GUI.java</file>
            <file>file:/C:/Users/Munyangeri%20Yvonne/Documents/NetBeansProjects/LibraryManagmentSystem/LibraryManagmentSystem/src/view/LibraryApp.java</file>
            <file>file:/C:/Users/Munyangeri%20Yvonne/Documents/NetBeansProjects/LibraryManagmentSystem/LibraryManagmentSystem/src/hibernate.cfg.xml</file>
            <file>file:/C:/Users/Munyangeri%20Yvonne/Documents/NetBeansProjects/LibraryManagmentSystem/LibraryManagmentSystem/src/model/ClientTable.java</file>
            <file>file:/C:/Users/Munyangeri%20Yvonne/Documents/NetBeansProjects/LibraryManagmentSystem/LibraryManagmentSystem/src/dao/ClientDao.java</file>
        </group>
    </open-files>
</project-private>
